Workbook

Sheet OpticalCapableSatellites
A1: Constellation Name | B1: Operator | C1: Satellite Name | D1: NORAD ID | E1: Launch Date | F1: Decay Date | G1: Status
A2: AETHER | B2: Kepler Communications | C2: AETHER-8 | D2: 67379 | E2: 46033 | F2: =IF(D2="","", IFNA(VLOOKUP(D2, SATCAT_DECAY!A:B, 2, FALSE), "")) | G2: =IF(D2="","", IF(F2<>"","DECAYED","ACTIVE")) -> ACTIVE
A3: AETHER | B3: Kepler Communications | C3: AETHER-12 | D3: 67383 | E3: 46033 | F3: =IF(D3="","", IFNA(VLOOKUP(D3, SATCAT_DECAY!A:B, 2, FALSE), "")) | G3: =IF(D3="","", IF(F3<>"","DECAYED","ACTIVE")) -> ACTIVE | I3: Total optical link capable satellites | J3: =COUNTA(D:D) -> 6156
A4: AETHER | B4: Kepler Communications | C4: AETHER-11 | D4: 67382 | E4: 46033 | F4: =IF(D4="","", IFNA(VLOOKUP(D4, SATCAT_DECAY!A:B, 2, FALSE), "")) | G4: =IF(D4="","", IF(F4<>"","DECAYED","ACTIVE")) -> ACTIVE | I4: Total Kepler Satellites | J4: =COUNTIF(B:B,"Kepler Communications") -> 12
A5: AETHER | B5: Kepler Communications | C5: AETHER-5 | D5: 67376 | E5: 46033 | F5: =IF(D5="","", IFNA(VLOOKUP(D5, SATCAT_DECAY!A:B, 2, FALSE), "")) | G5: =IF(D5="","", IF(F5<>"","DECAYED","ACTIVE")) -> ACTIVE | I5: Total Starlink v2 mini Satellites | J5: =COUNTIF(B:B,"SpaceX v2 mini") -> 5890
A6: AETHER | B6: Kepler Communications | C6: AETHER-9 | D6: 67380 | E6: 46033 | F6: =IF(D6="","", IFNA(VLOOKUP(D6, SATCAT_DECAY!A:B, 2, FALSE), "")) | G6: =IF(D6="","", IF(F6<>"","DECAYED","ACTIVE")) -> ACTIVE | I6: Total Space Development Agency Satellites | J6: =COUNTIF(B:B,"Space Development Agency") -> 69
A7: AETHER | B7: Kepler Communications | C7: AETHER-6 | D7: 67377 | E7: 46033 | F7: =IF(D7="","", IFNA(VLOOKUP(D7, SATCAT_DECAY!A:B, 2, FALSE), "")) | G7: =IF(D7="","", IF(F7<>"","DECAYED","ACTIVE")) -> ACTIVE
A8: AETHER | B8: Kepler Communications | C8: AETHER-4 | D8: 67375 | E8: 46033 | F8: =IF(D8="","", IFNA(VLOOKUP(D8, SATCAT_DECAY!A:B, 2, FALSE), "")) | G8: =IF(D8="","", IF(F8<>"","DECAYED","ACTIVE")) -> ACTIVE
A9: AETHER | B9: Kepler Communications | C9: AETHER-3 | D9: 67374 | E9: 46033 | F9: =IF(D9="","", IFNA(VLOOKUP(D9, SATCAT_DECAY!A:B, 2, FALSE), "")) | G9: =IF(D9="","", IF(F9<>"","DECAYED","ACTIVE")) -> ACTIVE
A10: AETHER | B10: Kepler Communications | C10: AETHER-7 | D10: 67378 | E10: 46033 | F10: =IF(D10="","", IFNA(VLOOKUP(D10, SATCAT_DECAY!A:B, 2, FALSE), "")) | G10: =IF(D10="","", IF(F10<>"","DECAYED","ACTIVE")) -> ACTIVE
A11: AETHER | B11: Kepler Communications | C11: AETHER-10 | D11: 67381 | E11: 46033 | F11: =IF(D11="","", IFNA(VLOOKUP(D11, SATCAT_DECAY!A:B, 2, FALSE), "")) | G11: =IF(D11="","", IF(F11<>"","DECAYED","ACTIVE")) -> ACTIVE
A12: AETHER | B12: Kepler Communications | C12: AETHER-1 | D12: 58281 | E12: 45241 | F12: =IF(D12="","", IFNA(VLOOKUP(D12, SATCAT_DECAY!A:B, 2, FALSE), "")) | G12: =IF(D12="","", IF(F12<>"","DECAYED","ACTIVE")) -> ACTIVE
A13: AETHER | B13: Kepler Communications | C13: AETHER-2 | D13: 58299 | E13: 45241 | F13: =IF(D13="","", IFNA(VLOOKUP(D13, SATCAT_DECAY!A:B, 2, FALSE), "")) | G13: =IF(D13="","", IF(F13<>"","DECAYED","ACTIVE")) -> ACTIVE
A14: {=IFERROR( INDEX('Starlink Launches'!$A:$A, MATCH($E14, 'Starlink Launches'!$B:$B, 0)), "" )} -> 6-2 | B14: SpaceX v2 mini | C14: STARLINK-30096 | D14: 56286 | E14: 45035 | F14: =IF(D14="","", IFNA(VLOOKUP(D14, SATCAT_DECAY!A:B, 2, FALSE), "")) -> 45057 | G14: =IF(D14="","", IF(F14<>"","DECAYED","ACTIVE")) -> DECAYED
A15: {=IFERROR( INDEX('Starlink Launches'!$A:$A, MATCH($E15, 'Starlink Launches'!$B:$B, 0)), "" )} -> 6-2 | B15: SpaceX v2 mini | C15: STARLINK-30107 | D15: 56287 | E15: 45035 | F15: =IF(D15="","", IFNA(VLOOKUP(D15, SATCAT_DECAY!A:B, 2, FALSE), "")) | G15: =IF(D15="","", IF(F15<>"","DECAYED","ACTIVE")) -> ACTIVE
A16: {=IFERROR( INDEX('Starlink Launches'!$A:$A, MATCH($E16, 'Starlink Launches'!$B:$B, 0)), "" )} -> 6-2 | B16: SpaceX v2 mini | C16: STARLINK-30106 | D16: 56288 | E16: 45035 | F16: =IF(D16="","", IFNA(VLOOKUP(D16, SATCAT_DECAY!A:B, 2, FALSE), "")) | G16: =IF(D16="","", IF(F16<>"","DECAYED","ACTIVE")) -> ACTIVE
A17: {=IFERROR( INDEX('Starlink Launches'!$A:$A, MATCH($E17, 'Starlink Launches'!$B:$B, 0)), "" )} -> 6-2 | B17: SpaceX v2 mini | C17: STARLINK-30095 | D17: 56289 | E17: 45035 | F17: =IF(D17="","", IFNA(VLOOKUP(D17, SATCAT_DECAY!A:B, 2, FALSE), "")) | G17: =IF(D17="","", IF(F17<>"","DECAYED","ACTIVE")) -> ACTIVE
A18: {=IFERROR( INDEX('Starlink Launches'!$A:$A, MATCH($E18, 'Starlink Launches'!$B:$B, 0)), "" )} -> 6-2 | B18: SpaceX v2 mini | C18: STARLINK-30103 | D18: 56290 | E18: 45035 | F18: =IF(D18="","", IFNA(VLOOKUP(D18, SATCAT_DECAY!A:B, 2, FALSE), "")) | G18: =IF(D18="","", IF(F18<>"","DECAYED","ACTIVE")) -> ACTIVE
A19: {=IFERROR( INDEX('Starlink Launches'!$A:$A, MATCH($E19, 'Starlink Launches'!$B:$B, 0)), "" )} -> 6-2 | B19: SpaceX v2 mini | C19: STARLINK-30113 | D19: 56291 | E19: 45035 | F19: =IF(D19="","", IFNA(VLOOKUP(D19, SATCAT_DECAY!A:B, 2, FALSE), "")) | G19: =IF(D19="","", IF(F19<>"","DECAYED","ACTIVE")) -> ACTIVE
A20: {=IFERROR( INDEX('Starlink Launches'!$A:$A, MATCH($E20, 'Starlink Launches'!$B:$B, 0)), "" )} -> 6-2 | B20: SpaceX v2 mini | C20: STARLINK-30098 | D20: 56292 | E20: 45035 | F20: =IF(D20="","", IFNA(VLOOKUP(D20, SATCAT_DECAY!A:B, 2, FALSE), "")) | G20: =IF(D20="","", IF(F20<>"","DECAYED","ACTIVE")) -> ACTIVE
A21: {=IFERROR( INDEX('Starlink Launches'!$A:$A, MATCH($E21, 'Starlink Launches'!$B:$B, 0)), "" )} -> 6-2 | B21: SpaceX v2 mini | C21: STARLINK-30090 | D21: 56293 | E21: 45035 | F21: =IF(D21="","", IFNA(VLOOKUP(D21, SATCAT_DECAY!A:B, 2, FALSE), "")) | G21: =IF(D21="","", IF(F21<>"","DECAYED","ACTIVE")) -> ACTIVE
A22: {=IFERROR( INDEX('Starlink Launches'!$A:$A, MATCH($E22, 'Starlink Launches'!$B:$B, 0)), "" )} -> 6-2 | B22: SpaceX v2 mini | C22: STARLINK-30049 | D22: 56294 | E22: 45035 | F22: =IF(D22="","", IFNA(VLOOKUP(D22, SATCAT_DECAY!A:B, 2, FALSE), "")) | G22: =IF(D22="","", IF(F22<>"","DECAYED","ACTIVE")) -> ACTIVE
A23: {=IFERROR( INDEX('Starlink Launches'!$A:$A, MATCH($E23, 'Starlink Launches'!$B:$B, 0)), "" )} -> 6-2 | B23: SpaceX v2 mini | C23: STARLINK-30083 | D23: 56295 | E23: 45035 | F23: =IF(D23="","", IFNA(VLOOKUP(D23, SATCAT_DECAY!A:B, 2, FALSE), "")) | G23: =IF(D23="","", IF(F23<>"","DECAYED","ACTIVE")) -> ACTIVE
A24: {=IFERROR( INDEX('Starlink Launches'!$A:$A, MATCH($E24, 'Starlink Launches'!$B:$B, 0)), "" )} -> 6-2 | B24: SpaceX v2 mini | C24: STARLINK-30089 | D24: 56296 | E24: 45035 | F24: =IF(D24="","", IFNA(VLOOKUP(D24, SATCAT_DECAY!A:B, 2, FALSE), "")) | G24: =IF(D24="","", IF(F24<>"","DECAYED","ACTIVE")) -> ACTIVE
A25: {=IFERROR( INDEX('Starlink Launches'!$A:$A, MATCH($E25, 'Starlink Launches'!$B:$B, 0)), "" )} -> 6-2 | B25: SpaceX v2 mini | C25: STARLINK-30086 | D25: 56297 | E25: 45035 | F25: =IF(D25="","", IFNA(VLOOKUP(D25, SATCAT_DECAY!A:B, 2, FALSE), "")) | G25: =IF(D25="","", IF(F25<>"","DECAYED","ACTIVE")) -> ACTIVE
... A2604: {=IFERROR( INDEX('Starlink Launches'!$A:$A, MATCH($E2604, 'Starlink Launches'!$B:$B, 0)), "" )} -> 7-11 | B2604: SpaceX v2 mini | C2604: STARLINK-31262 | D2604: 58847 | E2604: 45315 | F2604: =IF(D2604="","", IFNA(VLOOKUP(D2604, SATCAT_DECAY!A:B, 2, FALSE), "")) | G2604: =IF(D2604="","", IF(F2604<>"","DECAYED","ACTIVE")) -> ACTIVE
A2605: 7-12 | B2605: SpaceX v2 mini | C2605: STARLINK-31306 | D2605: 58876 | E2605: 45320 | F2605: =IF(D2605="","", IFNA(VLOOKUP(D2605, SATCAT_DECAY!A:B, 2, FALSE), "")) | G2605: =IF(D2605="","", IF(F2605<>"","DECAYED","ACTIVE")) -> ACTIVE
A2606: 7-12 | B2606: SpaceX v2 mini | C2606: STARLINK-31326 | D2606: 58877 | E2606: 45320 | F2606: =IF(D2606="","", IFNA(VLOOKUP(D2606, SATCAT_DECAY!A:B, 2, FALSE), "")) | G2606: =IF(D2606="","", IF(F2606<>"","DECAYED","ACTIVE")) -> ACTIVE
A2607: 7-12 | B2607: SpaceX v2 mini | C2607: STARLINK-31300 | D2607: 58878 | E2607: 45320 | F2607: =IF(D2607="","", IFNA(VLOOKUP(D2607, SATCAT_DECAY!A:B, 2, FALSE), "")) | G2607: =IF(D2607="","", IF(F2607<>"","DECAYED","ACTIVE")) -> ACTIVE
A2608: 7-12 | B2608: SpaceX v2 mini | C2608: STARLINK-31296 | D2608: 58879 | E2608: 45320 | F2608: =IF(D2608="","", IFNA(VLOOKUP(D2608, SATCAT_DECAY!A:B, 2, FALSE), "")) | G2608: =IF(D2608="","", IF(F2608<>"","DECAYED","ACTIVE")) -> ACTIVE
A2609: 7-12 | B2609: SpaceX v2 mini | C2609: STARLINK-31328 | D2609: 58880 | E2609: 45320 | F2609: =IF(D2609="","", IFNA(VLOOKUP(D2609, SATCAT_DECAY!A:B, 2, FALSE), "")) | G2609: =IF(D2609="","", IF(F2609<>"","DECAYED","ACTIVE")) -> ACTIVE
A2610: 7-12 | B2610: SpaceX v2 mini | C2610: STARLINK-31260 | D2610: 58881 | E2610: 45320 | F2610: =IF(D2610="","", IFNA(VLOOKUP(D2610, SATCAT_DECAY!A:B, 2, FALSE), "")) | G2610: =IF(D2610="","", IF(F2610<>"","DECAYED","ACTIVE")) -> ACTIVE
A2611: 7-12 | B2611: SpaceX v2 mini | C2611: STARLINK-31323 | D2611: 58882 | E2611: 45320 | F2611: =IF(D2611="","", IFNA(VLOOKUP(D2611, SATCAT_DECAY!A:B, 2, FALSE), "")) | G2611: =IF(D2611="","", IF(F2611<>"","DECAYED","ACTIVE")) -> ACTIVE
A2612: 7-12 | B2612: SpaceX v2 mini | C2612: STARLINK-31209 | D2612: 58883 | E2612: 45320 | F2612: =IF(D2612="","", IFNA(VLOOKUP(D2612, SATCAT_DECAY!A:B, 2, FALSE), "")) | G2612: =IF(D2612="","", IF(F2612<>"","DECAYED","ACTIVE")) -> ACTIVE
A2613: 7-12 | B2613: SpaceX v2 mini | C2613: STARLINK-31315 | D2613: 58884 | E2613: 45320 | F2613: =IF(D2613="","", IFNA(VLOOKUP(D2613, SATCAT_DECAY!A:B, 2, FALSE), "")) | G2613: =IF(D2613="","", IF(F2613<>"","DECAYED","ACTIVE")) -> ACTIVE
A2614: 7-12 | B2614: SpaceX v2 mini | C2614: STARLINK-31318 | D2614: 58885 | E2614: 45320 | F2614: =IF(D2614="","", IFNA(VLOOKUP(D2614, SATCAT_DECAY!A:B, 2, FALSE), "")) | G2614: =IF(D2614="","", IF(F2614<>"","DECAYED","ACTIVE")) -> ACTIVE
A2615: 7-12 | B2615: SpaceX v2 mini | C2615: STARLINK-31320 | D2615: 58886 | E2615: 45320 | F2615: =IF(D2615="","", IFNA(VLOOKUP(D2615, SATCAT_DECAY!A:B, 2, FALSE), "")) | G2615: =IF(D2615="","", IF(F2615<>"","DECAYED","ACTIVE")) -> ACTIVE
A2616: 7-12 | B2616: SpaceX v2 mini | C2616: STARLINK-31321 | D2616: 58887 | E2616: 45320 | F2616: =IF(D2616="","", IFNA(VLOOKUP(D2616, SATCAT_DECAY!A:B, 2, FALSE), "")) | G2616: =IF(D2616="","", IF(F2616<>"","DECAYED","ACTIVE")) -> ACTIVE
... A2626: 7-12 | B2626: SpaceX v2 mini | C2626: STARLINK-31190 | D2626: 58897 | E2626: 45320 | F2626: =IF(D2626="","", IFNA(VLOOKUP(D2626, SATCAT_DECAY!A:B, 2, FALSE), "")) | G2626: =IF(D2626="","", IF(F2626<>"","DECAYED","ACTIVE")) -> ACTIVE
A2627: {=IFERROR( INDEX('Starlink Launches'!$A:$A, MATCH($E2627, 'Starlink Launches'!$B:$B, 0)), "" )} -> 7-13 | B2627: SpaceX v2 mini | C2627: STARLINK-31317 | D2627: 58931 | E2627: 45332 | F2627: =IF(D2627="","", IFNA(VLOOKUP(D2627, SATCAT_DECAY!A:B, 2, FALSE), "")) | G2627: =IF(D2627="","", IF(F2627<>"","DECAYED","ACTIVE")) -> ACTIVE
A2628: {=IFERROR( INDEX('Starlink Launches'!$A:$A, MATCH($E2628, 'Starlink Launches'!$B:$B, 0)), "" )} -> 7-13 | B2628: SpaceX v2 mini | C2628: STARLINK-31378 | D2628: 58932 | E2628: 45332 | F2628: =IF(D2628="","", IFNA(VLOOKUP(D2628, SATCAT_DECAY!A:B, 2, FALSE), "")) | G2628: =IF(D2628="","", IF(F2628<>"","DECAYED","ACTIVE")) -> ACTIVE
A2629: {=IFERROR( INDEX('Starlink Launches'!$A:$A, MATCH($E2629, 'Starlink Launches'!$B:$B, 0)), "" )} -> 7-13 | B2629: SpaceX v2 mini | C2629: STARLINK-31350 | D2629: 58933 | E2629: 45332 | F2629: =IF(D2629="","", IFNA(VLOOKUP(D2629, SATCAT_DECAY!A:B, 2, FALSE), "")) | G2629: =IF(D2629="","", IF(F2629<>"","DECAYED","ACTIVE")) -> ACTIVE
A2630: {=IFERROR( INDEX('Starlink Launches'!$A:$A, MATCH($E2630, 'Starlink Launches'!$B:$B, 0)), "" )} -> 7-13 | B2630: SpaceX v2 mini | C2630: STARLINK-31337 | D2630: 58934 | E2630: 45332 | F2630: =IF(D2630="","", IFNA(VLOOKUP(D2630, SATCAT_DECAY!A:B, 2, FALSE), "")) | G2630: =IF(D2630="","", IF(F2630<>"","DECAYED","ACTIVE")) -> ACTIVE
A2631: {=IFERROR( INDEX('Starlink Launches'!$A:$A, MATCH($E2631, 'Starlink Launches'!$B:$B, 0)), "" )} -> 7-13 | B2631: SpaceX v2 mini | C2631: STARLINK-31362 | D2631: 58935 | E2631: 45332 | F2631: =IF(D2631="","", IFNA(VLOOKUP(D2631, SATCAT_DECAY!A:B, 2, FALSE), "")) | G2631: =IF(D2631="","", IF(F2631<>"","DECAYED","ACTIVE")) -> ACTIVE
A2632: {=IFERROR( INDEX('Starlink Launches'!$A:$A, MATCH($E2632, 'Starlink Launches'!$B:$B, 0)), "" )} -> 7-13 | B2632: SpaceX v2 mini | C2632: STARLINK-31383 | D2632: 58936 | E2632: 45332 | F2632: =IF(D2632="","", IFNA(VLOOKUP(D2632, SATCAT_DECAY!A:B, 2, FALSE), "")) | G2632: =IF(D2632="","", IF(F2632<>"","DECAYED","ACTIVE")) -> ACTIVE
A2633: {=IFERROR( INDEX('Starlink Launches'!$A:$A, MATCH($E2633, 'Starlink Launches'!$B:$B, 0)), "" )} -> 7-13 | B2633: SpaceX v2 mini | C2633: STARLINK-31390 | D2633: 58937 | E2633: 45332 | F2633: =IF(D2633="","", IFNA(VLOOKUP(D2633, SATCAT_DECAY!A:B, 2, FALSE), "")) | G2633: =IF(D2633="","", IF(F2633<>"","DECAYED","ACTIVE")) -> ACTIVE
A2634: {=IFERROR( INDEX('Starlink Launches'!$A:$A, MATCH($E2634, 'Starlink Launches'!$B:$B, 0)), "" )} -> 7-13 | B2634: SpaceX v2 mini | C2634: STARLINK-31377 | D2634: 58938 | E2634: 45332 | F2634: =IF(D2634="","", IFNA(VLOOKUP(D2634, SATCAT_DECAY!A:B, 2, FALSE), "")) | G2634: =IF(D2634="","", IF(F2634<>"","DECAYED","ACTIVE")) -> ACTIVE
A2635: {=IFERROR( INDEX('Starlink Launches'!$A:$A, MATCH($E2635, 'Starlink Launches'!$B:$B, 0)), "" )} -> 7-13 | B2635: SpaceX v2 mini | C2635: STARLINK-31372 | D2635: 58939 | E2635: 45332 | F2635: =IF(D2635="","", IFNA(VLOOKUP(D2635, SATCAT_DECAY!A:B, 2, FALSE), "")) | G2635: =IF(D2635="","", IF(F2635<>"","DECAYED","ACTIVE")) -> ACTIVE
A2636: {=IFERROR( INDEX('Starlink Launches'!$A:$A, MATCH($E2636, 'Starlink Launches'!$B:$B, 0)), "" )} -> 7-13 | B2636: SpaceX v2 mini | C2636: STARLINK-31371 | D2636: 58940 | E2636: 45332 | F2636: =IF(D2636="","", IFNA(VLOOKUP(D2636, SATCAT_DECAY!A:B, 2, FALSE), "")) | G2636: =IF(D2636="","", IF(F2636<>"","DECAYED","ACTIVE")) -> ACTIVE
A2637: {=IFERROR( INDEX('Starlink Launches'!$A:$A, MATCH($E2637, 'Starlink Launches'!$B:$B, 0)), "" )} -> 7-13 | B2637: SpaceX v2 mini | C2637: STARLINK-31345 | D2637: 58941 | E2637: 45332 | F2637: =IF(D2637="","", IFNA(VLOOKUP(D2637, SATCAT_DECAY!A:B, 2, FALSE), "")) | G2637: =IF(D2637="","", IF(F2637<>"","DECAYED","ACTIVE")) -> ACTIVE
A2638: {=IFERROR( INDEX('Starlink Launches'!$A:$A, MATCH($E2638, 'Starlink Launches'!$B:$B, 0)), "" )} -> 7-13 | B2638: SpaceX v2 mini | C2638: STARLINK-31354 | D2638: 58942 | E2638: 45332 | F2638: =IF(D2638="","", IFNA(VLOOKUP(D2638, SATCAT_DECAY!A:B, 2, FALSE), "")) | G2638: =IF(D2638="","", IF(F2638<>"","DECAYED","ACTIVE")) -> ACTIVE
... A2689: {=IFERROR( INDEX('Starlink Launches'!$A:$A, MATCH($E2689, 'Starlink Launches'!$B:$B, 0)), "" )} -> 7-15 | B2689: SpaceX v2 mini | C2689: STARLINK-31436 | D2689: 59019 | E2689: 45345 | F2689: =IF(D2689="","", IFNA(VLOOKUP(D2689, SATCAT_DECAY!A:B, 2, FALSE), "")) | G2689: =IF(D2689="","", IF(F2689<>"","DECAYED","ACTIVE")) -> ACTIVE
A2690: 7-17 | B2690: SpaceX v2 mini | C2690: STARLINK-31603 | D2690: 59201 | E2690: 45362 | F2690: =IF(D2690="","", IFNA(VLOOKUP(D2690, SATCAT_DECAY!A:B, 2, FALSE), "")) | G2690: =IF(D2690="","", IF(F2690<>"","DECAYED","ACTIVE")) -> ACTIVE
A2691: 7-17 | B2691: SpaceX v2 mini | C2691: STARLINK-31602 | D2691: 59202 | E2691: 45362 | F2691: =IF(D2691="","", IFNA(VLOOKUP(D2691, SATCAT_DECAY!A:B, 2, FALSE), "")) | G2691: =IF(D2691="","", IF(F2691<>"","DECAYED","ACTIVE")) -> ACTIVE
A2692: 7-17 | B2692: SpaceX v2 mini | C2692: STARLINK-31577 | D2692: 59203 | E2692: 45362 | F2692: =IF(D2692="","", IFNA(VLOOKUP(D2692, SATCAT_DECAY!A:B, 2, FALSE), "")) | G2692: =IF(D2692="","", IF(F2692<>"","DECAYED","ACTIVE")) -> ACTIVE
A2693: 7-17 | B2693: SpaceX v2 mini | C2693: STARLINK-31522 | D2693: 59204 | E2693: 45362 | F2693: =IF(D2693="","", IFNA(VLOOKUP(D2693, SATCAT_DECAY!A:B, 2, FALSE), "")) | G2693: =IF(D2693="","", IF(F2693<>"","DECAYED","ACTIVE")) -> ACTIVE
A2694: 7-17 | B2694: SpaceX v2 mini | C2694: STARLINK-31586 | D2694: 59205 | E2694: 45362 | F2694: =IF(D2694="","", IFNA(VLOOKUP(D2694, SATCAT_DECAY!A:B, 2, FALSE), "")) | G2694: =IF(D2694="","", IF(F2694<>"","DECAYED","ACTIVE")) -> ACTIVE
A2695: 7-17 | B2695: SpaceX v2 mini | C2695: STARLINK-31247 | D2695: 59206 | E2695: 45362 | F2695: =IF(D2695="","", IFNA(VLOOKUP(D2695, SATCAT_DECAY!A:B, 2, FALSE), "")) | G2695: =IF(D2695="","", IF(F2695<>"","DECAYED","ACTIVE")) -> ACTIVE
A2696: 7-17 | B2696: SpaceX v2 mini | C2696: STARLINK-31591 | D2696: 59207 | E2696: 45362 | F2696: =IF(D2696="","", IFNA(VLOOKUP(D2696, SATCAT_DECAY!A:B, 2, FALSE), "")) | G2696: =IF(D2696="","", IF(F2696<>"","DECAYED","ACTIVE")) -> ACTIVE
A2697: 7-17 | B2697: SpaceX v2 mini | C2697: STARLINK-31576 | D2697: 59208 | E2697: 45362 | F2697: =IF(D2697="","", IFNA(VLOOKUP(D2697, SATCAT_DECAY!A:B, 2, FALSE), "")) | G2697: =IF(D2697="","", IF(F2697<>"","DECAYED","ACTIVE")) -> ACTIVE
A2698: 7-17 | B2698: SpaceX v2 mini | C2698: STARLINK-31601 | D2698: 59209 | E2698: 45362 | F2698: =IF(D2698="","", IFNA(VLOOKUP(D2698, SATCAT_DECAY!A:B, 2, FALSE), "")) | G2698: =IF(D2698="","", IF(F2698<>"","DECAYED","ACTIVE")) -> ACTIVE
A2699: 7-17 | B2699: SpaceX v2 mini | C2699: STARLINK-31520 | D2699: 59210 | E2699: 45362 | F2699: =IF(D2699="","", IFNA(VLOOKUP(D2699, SATCAT_DECAY!A:B, 2, FALSE), "")) | G2699: =IF(D2699="","", IF(F2699<>"","DECAYED","ACTIVE")) -> ACTIVE
A2700: 7-17 | B2700: SpaceX v2 mini | C2700: STARLINK-31496 | D2700: 59211 | E2700: 45362 | F2700: =IF(D2700="","", IFNA(VLOOKUP(D2700, SATCAT_DECAY!A:B, 2, FALSE), "")) | G2700: =IF(D2700="","", IF(F2700<>"","DECAYED","ACTIVE")) -> ACTIVE
A2701: 7-17 | B2701: SpaceX v2 mini | C2701: STARLINK-31492 | D2701: 59212 | E2701: 45362 | F2701: =IF(D2701="","", IFNA(VLOOKUP(D2701, SATCAT_DECAY!A:B, 2, FALSE), "")) | G2701: =IF(D2701="","", IF(F2701<>"","DECAYED","ACTIVE")) -> ACTIVE
... A2712: 7-17 | B2712: SpaceX v2 mini | C2712: STARLINK-31420 | D2712: 59223 | E2712: 45362 | F2712: =IF(D2712="","", IFNA(VLOOKUP(D2712, SATCAT_DECAY!A:B, 2, FALSE), "")) | G2712: =IF(D2712="","", IF(F2712<>"","DECAYED","ACTIVE")) -> ACTIVE
A2713: {=IFERROR( INDEX('Starlink Launches'!$A:$A, MATCH($E2713, 'Starlink Launches'!$B:$B, 0)), "" )} -> 7-16 | B2713: SpaceX v2 mini | C2713: STARLINK-31659 | D2713: 59254 | E2713: 45370 | F2713: =IF(D2713="","", IFNA(VLOOKUP(D2713, SATCAT_DECAY!A:B, 2, FALSE), "")) | G2713: =IF(D2713="","", IF(F2713<>"","DECAYED","ACTIVE")) -> ACTIVE
A2714: {=IFERROR( INDEX('Starlink Launches'!$A:$A, MATCH($E2714, 'Starlink Launches'!$B:$B, 0)), "" )} -> 7-16 | B2714: SpaceX v2 mini | C2714: STARLINK-31629 | D2714: 59255 | E2714: 45370 | F2714: =IF(D2714="","", IFNA(VLOOKUP(D2714, SATCAT_DECAY!A:B, 2, FALSE), "")) | G2714: =IF(D2714="","", IF(F2714<>"","DECAYED","ACTIVE")) -> ACTIVE
A2715: {=IFERROR( INDEX('Starlink Launches'!$A:$A, MATCH($E2715, 'Starlink Launches'!$B:$B, 0)), "" )} -> 7-16 | B2715: SpaceX v2 mini | C2715: STARLINK-31652 | D2715: 59256 | E2715: 45370 | F2715: =IF(D2715="","", IFNA(VLOOKUP(D2715, SATCAT_DECAY!A:B, 2, FALSE), "")) | G2715: =IF(D2715="","", IF(F2715<>"","DECAYED","ACTIVE")) -> ACTIVE
A2716: {=IFERROR( INDEX('Starlink Launches'!$A:$A, MATCH($E2716, 'Starlink Launches'!$B:$B, 0)), "" )} -> 7-16 | B2716: SpaceX v2 mini | C2716: STARLINK-31655 | D2716: 59257 | E2716: 45370 | F2716: =IF(D2716="","", IFNA(VLOOKUP(D2716, SATCAT_DECAY!A:B, 2, FALSE), "")) | G2716: =IF(D2716="","", IF(F2716<>"","DECAYED","ACTIVE")) -> ACTIVE
A2717: {=IFERROR( INDEX('Starlink Launches'!$A:$A, MATCH($E2717, 'Starlink Launches'!$B:$B, 0)), "" )} -> 7-16 | B2717: SpaceX v2 mini | C2717: STARLINK-31637 | D2717: 59258 | E2717: 45370 | F2717: =IF(D2717="","", IFNA(VLOOKUP(D2717, SATCAT_DECAY!A:B, 2, FALSE), "")) | G2717: =IF(D2717="","", IF(F2717<>"","DECAYED","ACTIVE")) -> ACTIVE
A2718: {=IFERROR( INDEX('Starlink Launches'!$A:$A, MATCH($E2718, 'Starlink Launches'!$B:$B, 0)), "" )} -> 7-16 | B2718: SpaceX v2 mini | C2718: STARLINK-31506 | D2718: 59259 | E2718: 45370 | F2718: =IF(D2718="","", IFNA(VLOOKUP(D2718, SATCAT_DECAY!A:B, 2, FALSE), "")) | G2718: =IF(D2718="","", IF(F2718<>"","DECAYED","ACTIVE")) -> ACTIVE
A2719: {=IFERROR( INDEX('Starlink Launches'!$A:$A, MATCH($E2719, 'Starlink Launches'!$B:$B, 0)), "" )} -> 7-16 | B2719: SpaceX v2 mini | C2719: STARLINK-31639 | D2719: 59261 | E2719: 45370 | F2719: =IF(D2719="","", IFNA(VLOOKUP(D2719, SATCAT_DECAY!A:B, 2, FALSE), "")) | G2719: =IF(D2719="","", IF(F2719<>"","DECAYED","ACTIVE")) -> ACTIVE
A2720: {=IFERROR( INDEX('Starlink Launches'!$A:$A, MATCH($E2720, 'Starlink Launches'!$B:$B, 0)), "" )} -> 7-16 | B2720: SpaceX v2 mini | C2720: STARLINK-31598 | D2720: 59263 | E2720: 45370 | F2720: =IF(D2720="","", IFNA(VLOOKUP(D2720, SATCAT_DECAY!A:B, 2, FALSE), "")) | G2720: =IF(D2720="","", IF(F2720<>"","DECAYED","ACTIVE")) -> ACTIVE
A2721: {=IFERROR( INDEX('Starlink Launches'!$A:$A, MATCH($E2721, 'Starlink Launches'!$B:$B, 0)), "" )} -> 7-16 | B2721: SpaceX v2 mini | C2721: STARLINK-31645 | D2721: 59264 | E2721: 45370 | F2721: =IF(D2721="","", IFNA(VLOOKUP(D2721, SATCAT_DECAY!A:B, 2, FALSE), "")) | G2721: =IF(D2721="","", IF(F2721<>"","DECAYED","ACTIVE")) -> ACTIVE
A2722: {=IFERROR( INDEX('Starlink Launches'!$A:$A, MATCH($E2722, 'Starlink Launches'!$B:$B, 0)), "" )} -> 7-16 | B2722: SpaceX v2 mini | C2722: STARLINK-31646 | D2722: 59265 | E2722: 45370 | F2722: =IF(D2722="","", IFNA(VLOOKUP(D2722, SATCAT_DECAY!A:B, 2, FALSE), "")) | G2722: =IF(D2722="","", IF(F2722<>"","DECAYED","ACTIVE")) -> ACTIVE
A2723: {=IFERROR( INDEX('Starlink Launches'!$A:$A, MATCH($E2723, 'Starlink Launches'!$B:$B, 0)), "" )} -> 7-16 | B2723: SpaceX v2 mini | C2723: STARLINK-31648 | D2723: 59266 | E2723: 45370 | F2723: =IF(D2723="","", IFNA(VLOOKUP(D2723, SATCAT_DECAY!A:B, 2, FALSE), "")) | G2723: =IF(D2723="","", IF(F2723<>"","DECAYED","ACTIVE")) -> ACTIVE
A2724: {=IFERROR( INDEX('Starlink Launches'!$A:$A, MATCH($E2724, 'Starlink Launches'!$B:$B, 0)), "" )} -> 7-16 | B2724: SpaceX v2 mini | C2724: STARLINK-31579 | D2724: 59267 | E2724: 45370 | F2724: =IF(D2724="","", IFNA(VLOOKUP(D2724, SATCAT_DECAY!A:B, 2, FALSE), "")) | G2724: =IF(D2724="","", IF(F2724<>"","DECAYED","ACTIVE")) -> ACTIVE
... A3023: {=IFERROR( INDEX('Starlink Launches'!$A:$A, MATCH($E3023, 'Starlink Launches'!$B:$B, 0)), "" )} -> 9-4 | B3023: SpaceX v2 mini | C3023: STARLINK-32198 | D3023: 60321 | E3023: 45501 | F3023: =IF(D3023="","", IFNA(VLOOKUP(D3023, SATCAT_DECAY!A:B, 2, FALSE), "")) | G3023: =IF(D3023="","", IF(F3023<>"","DECAYED","ACTIVE")) -> ACTIVE
A3024: 9-5 | B3024: SpaceX v2 mini | C3024: STARLINK-11239 [DTC] | D3024: 60924 | E3024: 45535 | F3024: =IF(D3024="","", IFNA(VLOOKUP(D3024, SATCAT_DECAY!A:B, 2, FALSE), "")) | G3024: =IF(D3024="","", IF(F3024<>"","DECAYED","ACTIVE")) -> ACTIVE
A3025: 9-5 | B3025: SpaceX v2 mini | C3025: STARLINK-11245 [DTC] | D3025: 60925 | E3025: 45535 | F3025: =IF(D3025="","", IFNA(VLOOKUP(D3025, SATCAT_DECAY!A:B, 2, FALSE), "")) | G3025: =IF(D3025="","", IF(F3025<>"","DECAYED","ACTIVE")) -> ACTIVE
A3026: 9-5 | B3026: SpaceX v2 mini | C3026: STARLINK-11244 [DTC] | D3026: 60926 | E3026: 45535 | F3026: =IF(D3026="","", IFNA(VLOOKUP(D3026, SATCAT_DECAY!A:B, 2, FALSE), "")) | G3026: =IF(D3026="","", IF(F3026<>"","DECAYED","ACTIVE")) -> ACTIVE
A3027: 9-5 | B3027: SpaceX v2 mini | C3027: STARLINK-11243 [DTC] | D3027: 60927 | E3027: 45535 | F3027: =IF(D3027="","", IFNA(VLOOKUP(D3027, SATCAT_DECAY!A:B, 2, FALSE), "")) | G3027: =IF(D3027="","", IF(F3027<>"","DECAYED","ACTIVE")) -> ACTIVE
A3028: 9-5 | B3028: SpaceX v2 mini | C3028: STARLINK-11238 [DTC] | D3028: 60928 | E3028: 45535 | F3028: =IF(D3028="","", IFNA(VLOOKUP(D3028, SATCAT_DECAY!A:B, 2, FALSE), "")) | G3028: =IF(D3028="","", IF(F3028<>"","DECAYED","ACTIVE")) -> ACTIVE
A3029: 9-5 | B3029: SpaceX v2 mini | C3029: STARLINK-11240 [DTC] | D3029: 60929 | E3029: 45535 | F3029: =IF(D3029="","", IFNA(VLOOKUP(D3029, SATCAT_DECAY!A:B, 2, FALSE), "")) | G3029: =IF(D3029="","", IF(F3029<>"","DECAYED","ACTIVE")) -> ACTIVE
A3030: 9-5 | B3030: SpaceX v2 mini | C3030: STARLINK-11251 [DTC] | D3030: 60930 | E3030: 45535 | F3030: =IF(D3030="","", IFNA(VLOOKUP(D3030, SATCAT_DECAY!A:B, 2, FALSE), "")) | G3030: =IF(D3030="","", IF(F3030<>"","DECAYED","ACTIVE")) -> ACTIVE
A3031: 9-5 | B3031: SpaceX v2 mini | C3031: STARLINK-11204 [DTC] | D3031: 60931 | E3031: 45535 | F3031: =IF(D3031="","", IFNA(VLOOKUP(D3031, SATCAT_DECAY!A:B, 2, FALSE), "")) | G3031: =IF(D3031="","", IF(F3031<>"","DECAYED","ACTIVE")) -> ACTIVE
A3032: 9-5 | B3032: SpaceX v2 mini | C3032: STARLINK-11246 [DTC] | D3032: 60932 | E3032: 45535 | F3032: =IF(D3032="","", IFNA(VLOOKUP(D3032, SATCAT_DECAY!A:B, 2, FALSE), "")) | G3032: =IF(D3032="","", IF(F3032<>"","DECAYED","ACTIVE")) -> ACTIVE
A3033: 9-5 | B3033: SpaceX v2 mini | C3033: STARLINK-11207 [DTC] | D3033: 60933 | E3033: 45535 | F3033: =IF(D3033="","", IFNA(VLOOKUP(D3033, SATCAT_DECAY!A:B, 2, FALSE), "")) | G3033: =IF(D3033="","", IF(F3033<>"","DECAYED","ACTIVE")) -> ACTIVE
A3034: 9-5 | B3034: SpaceX v2 mini | C3034: STARLINK-11237 [DTC] | D3034: 60934 | E3034: 45535 | F3034: =IF(D3034="","", IFNA(VLOOKUP(D3034, SATCAT_DECAY!A:B, 2, FALSE), "")) | G3034: =IF(D3034="","", IF(F3034<>"","DECAYED","ACTIVE")) -> ACTIVE
A3035: 9-5 | B3035: SpaceX v2 mini | C3035: STARLINK-11253 [DTC] | D3035: 60935 | E3035: 45535 | F3035: =IF(D3035="","", IFNA(VLOOKUP(D3035, SATCAT_DECAY!A:B, 2, FALSE), "")) | G3035: =IF(D3035="","", IF(F3035<>"","DECAYED","ACTIVE")) -> ACTIVE
... A3044: 9-5 | B3044: SpaceX v2 mini | C3044: STARLINK-32276 | D3044: 60944 | E3044: 45535 | F3044: =IF(D3044="","", IFNA(VLOOKUP(D3044, SATCAT_DECAY!A:B, 2, FALSE), "")) | G3044: =IF(D3044="","", IF(F3044<>"","DECAYED","ACTIVE")) -> ACTIVE
A3045: {=IFERROR( INDEX('Starlink Launches'!$A:$A, MATCH($E3045, 'Starlink Launches'!$B:$B, 0)), "" )} -> 9-6 | B3045: SpaceX v2 mini | C3045: STARLINK-11286 [DTC] | D3045: 61050 | E3045: 45548 | F3045: =IF(D3045="","", IFNA(VLOOKUP(D3045, SATCAT_DECAY!A:B, 2, FALSE), "")) | G3045: =IF(D3045="","", IF(F3045<>"","DECAYED","ACTIVE")) -> ACTIVE
A3046: {=IFERROR( INDEX('Starlink Launches'!$A:$A, MATCH($E3046, 'Starlink Launches'!$B:$B, 0)), "" )} -> 9-6 | B3046: SpaceX v2 mini | C3046: STARLINK-11252 [DTC] | D3046: 61051 | E3046: 45548 | F3046: =IF(D3046="","", IFNA(VLOOKUP(D3046, SATCAT_DECAY!A:B, 2, FALSE), "")) | G3046: =IF(D3046="","", IF(F3046<>"","DECAYED","ACTIVE")) -> ACTIVE
A3047: {=IFERROR( INDEX('Starlink Launches'!$A:$A, MATCH($E3047, 'Starlink Launches'!$B:$B, 0)), "" )} -> 9-6 | B3047: SpaceX v2 mini | C3047: STARLINK-11230 [DTC] | D3047: 61053 | E3047: 45548 | F3047: =IF(D3047="","", IFNA(VLOOKUP(D3047, SATCAT_DECAY!A:B, 2, FALSE), "")) | G3047: =IF(D3047="","", IF(F3047<>"","DECAYED","ACTIVE")) -> ACTIVE
A3048: {=IFERROR( INDEX('Starlink Launches'!$A:$A, MATCH($E3048, 'Starlink Launches'!$B:$B, 0)), "" )} -> 9-6 | B3048: SpaceX v2 mini | C3048: STARLINK-11294 [DTC] | D3048: 61054 | E3048: 45548 | F3048: =IF(D3048="","", IFNA(VLOOKUP(D3048, SATCAT_DECAY!A:B, 2, FALSE), "")) | G3048: =IF(D3048="","", IF(F3048<>"","DECAYED","ACTIVE")) -> ACTIVE
A3049: {=IFERROR( INDEX('Starlink Launches'!$A:$A, MATCH($E3049, 'Starlink Launches'!$B:$B, 0)), "" )} -> 9-6 | B3049: SpaceX v2 mini | C3049: STARLINK-11268 [DTC] | D3049: 61055 | E3049: 45548 | F3049: =IF(D3049="","", IFNA(VLOOKUP(D3049, SATCAT_DECAY!A:B, 2, FALSE), "")) | G3049: =IF(D3049="","", IF(F3049<>"","DECAYED","ACTIVE")) -> ACTIVE
A3050: {=IFERROR( INDEX('Starlink Launches'!$A:$A, MATCH($E3050, 'Starlink Launches'!$B:$B, 0)), "" )} -> 9-6 | B3050: SpaceX v2 mini | C3050: STARLINK-11156 [DTC] | D3050: 61056 | E3050: 45548 | F3050: =IF(D3050="","", IFNA(VLOOKUP(D3050, SATCAT_DECAY!A:B, 2, FALSE), "")) | G3050: =IF(D3050="","", IF(F3050<>"","DECAYED","ACTIVE")) -> ACTIVE
A3051: {=IFERROR( INDEX('Starlink Launches'!$A:$A, MATCH($E3051, 'Starlink Launches'!$B:$B, 0)), "" )} -> 9-6 | B3051: SpaceX v2 mini | C3051: STARLINK-11231 [DTC] | D3051: 61057 | E3051: 45548 | F3051: =IF(D3051="","", IFNA(VLOOKUP(D3051, SATCAT_DECAY!A:B, 2, FALSE), "")) | G3051: =IF(D3051="","", IF(F3051<>"","DECAYED","ACTIVE")) -> ACTIVE
A3052: {=IFERROR( INDEX('Starlink Launches'!$A:$A, MATCH($E3052, 'Starlink Launches'!$B:$B, 0)), "" )} -> 9-6 | B3052: SpaceX v2 mini | C3052: STARLINK-11299 [DTC] | D3052: 61058 | E3052: 45548 | F3052: =IF(D3052="","", IFNA(VLOOKUP(D3052, SATCAT_DECAY!A:B, 2, FALSE), "")) | G3052: =IF(D3052="","", IF(F3052<>"","DECAYED","ACTIVE")) -> ACTIVE
A3053: {=IFERROR( INDEX('Starlink Launches'!$A:$A, MATCH($E3053, 'Starlink Launches'!$B:$B, 0)), "" )} -> 9-6 | B3053: SpaceX v2 mini | C3053: STARLINK-11154 [DTC] | D3053: 61059 | E3053: 45548 | F3053: =IF(D3053="","", IFNA(VLOOKUP(D3053, SATCAT_DECAY!A:B, 2, FALSE), "")) | G3053: =IF(D3053="","", IF(F3053<>"","DECAYED","ACTIVE")) -> ACTIVE
...

Sheet Starlink Launches
A1: Group | B1: Launch Date | C1: Version | D1: Deployed | E1: Working | F1: Note | G1: Decayed Satellites
A2: 6-1 | B2: 44984 | C2: v2 mini | D2: 21 | E2: 12 | F2: Not working | G2: =D2-E2 -> 9
A3: 6-2 | B3: 45035 | C3: v2 mini | D3: 21 | E3: 20 | G3: =D3-E3 -> 1 | I3: Total Launches | J3: =COUNTA(A:A) -> 257
A4: 6-3 | B4: 45065 | C4: v2 mini | D4: 22 | E4: 21 | G4: =D4-E4 -> 1 | I4: Total Deployed | J4: =SUM(D:D) -> 6132
A5: 6-4 | B5: 45081 | C5: v2 mini | D5: 22 | E5: 19 | G5: =D5-E5 -> 3 | I5: Total Working | J5: =SUM(E:E) -> 6089 | K5: =J4-J5 -> 43
A6: 6-5 | B6: 45117 | C6: v2 mini | D6: 22 | E6: 22 | G6: =D6-E6 -> 0 | I6: Mult Launch Dates | J6: {=COUNTA(B2:B315) - COUNTA(UNIQUE(B2:B315))} -> 20
A7: 6-15 | B7: 45127 | C7: v2 mini | D7: 15 | E7: 15 | G7: =D7-E7 -> 0
A8: 6-6 | B8: 45131 | C8: v2 mini | D8: 22 | E8: 22 | G8: =D8-E8 -> 0 | I8: Earliest Launch Date | J8: =MIN(B:B) -> 44984
A9: 6-7 | B9: 45135 | C9: v2 mini | D9: 22 | E9: 20 | G9: =D9-E9 -> 2 | I9: Latest Launch Date | J9: =MAX(B:B) -> 46063
A10: 6-8 | B10: 45145 | C10: v2 mini | D10: 22 | E10: 22 | G10: =D10-E10 -> 0 | I10: Satellites Deployed / Day | J10: =J4/(J9-J8) -> 5.6830399
A11: 6-20 | B11: 45146 | C11: v2 mini | D11: 15 | E11: 15 | G11: =D11-E11 -> 0 | I11: Days / Launch | J11: =(J9-J8)/J3 -> 4.1984436
A12: 6-9 | B12: 45149 | C12: v2 mini | D12: 22 | E12: 21 | G12: =D12-E12 -> 1 | I12: Satellites / Launch | J12: =J4/J3 -> 23.859922
A13: 6-10 | B13: 45155 | C13: v2 mini | D13: 22 | E13: 22 | G13: =D13-E13 -> 0
A14: 6-11 | B14: 45165 | C14: v2 mini | D14: 22 | E14: 21 | G14: =D14-E14 -> 1
A15: 6-13 | B15: 45170 | C15: v2 mini | D15: 22 | E15: 22 | G15: =D15-E15 -> 0
A16: 6-12 | B16: 45173 | C16: v2 mini | D16: 21 | E16: 21 | G16: =D16-E16 -> 0
A17: 6-14 | B17: 45178 | C17: v2 mini | D17: 22 | E17: 22 | G17: =D17-E17 -> 0
A18: 6-16 | B18: 45185 | C18: v2 mini | D18: 22 | E18: 22 | G18: =D18-E18 -> 0
A19: 6-17 | B19: 45189 | C19: v2 mini | D19: 22 | E19: 22 | G19: =D19-E19 -> 0
A20: 6-18 | B20: 45193 | C20: v2 mini | D20: 22 | E20: 21 | G20: =D20-E20 -> 1
A21: 6-19 | B21: 45199 | C21: v2 mini | D21: 22 | E21: 22 | G21: =D21-E21 -> 0
A22: 6-21 | B22: 45204 | C22: v2 mini | D22: 22 | E22: 22 | G22: =D22-E22 -> 0
A23: 6-22 | B23: 45212 | C23: v2 mini | D23: 22 | E23: 22 | G23: =D23-E23 -> 0
A24: 6-23 | B24: 45217 | C24: v2 mini | D24: 22 | E24: 22 | G24: =D24-E24 -> 0
... A134: 9-2 | B134: 45467 | C134: v2 mini | D134: 20 | E134: 20 | G134: =D134-E134 -> 0
A135: 9-3 | B135: 45485 | C135: v2 mini | D135: 20 | E135: 0 | F135: Failed Launch | G135: =D135-E135 -> 20
A136: 9-4 | B136: 45501 | C136: v2 mini | D136: 21 | E136: 21 | G136: =D136-E136 -> 0
A137: 9-5 | B137: 45535 | C137: v2 mini | D137: 21 | E137: 21 | G137: =D137-E137 -> 0
A138: 9-6 | B138: 45548 | C138: v2 mini | D138: 21 | E138: 21 | G138: =D138-E138 -> 0
A139: 9-17 | B139: 45555 | C139: v2 mini | D139: 20 | E139: 20 | G139: =D139-E139 -> 0
A140: 9-8 | B140: 45560 | C140: v2 mini | D140: 20 | E140: 20 | G140: =D140-E140 -> 0
A141: 9-7 | B141: 45580 | C141: v2 mini | D141: 20 | E141: 20 | G141: =D141-E141 -> 0
A142: 9-9 | B142: 45595 | C142: v2 mini | D142: 20 | E142: 20 | G142: =D142-E142 -> 0
A143: 9-10 | B143: 45605 | C143: v2 mini | D143: 20 | E143: 20 | G143: =D143-E143 -> 0
A144: 9-11 | B144: 45610 | C144: v2 mini | D144: 20 | E144: 20 | G144: =D144-E144 -> 0
A145: 9-12 | B145: 45614 | C145: v2 mini | D145: 20 | E145: 20 | G145: =D145-E145 -> 0
A146: 9-13 | B146: 45620 | C146: v2 mini | D146: 20 | E146: 20 | G146: =D146-E146 -> 0
A147: 9-14 | B147: 45631 | C147: v2 mini | D147: 20 | E147: 20 | G147: =D147-E147 -> 0
... A225: 13-1 | B225: 45678 | C225: v2 mini | D225: 21 | E225: 21 | G225: =D225-E225 -> 0
A226: 13-4 | B226: 45869 | C226: v2 mini | D226: 19 | E226: 19 | F226: Not working | G226: =D226-E226 -> 0
A227: 15-1 | B227: 45711 | C227: v2 mini | D227: 22 | E227: 22 | G227: =D227-E227 -> 0
A228: 15-3 | B228: 45787 | C228: v2 mini | D228: 26 | E228: 26 | G228: =D228-E228 -> 0
A229: 15-4 | B229: 45790 | C229: v2 mini | D229: 26 | E229: 26 | G229: =D229-E229 -> 0
A230: 15-5 | B230: 45793 | C230: v2 mini | D230: 26 | E230: 26 | G230: =D230-E230 -> 0
A231: 15-8 | B231: 45816 | C231: v2 mini | D231: 26 | E231: 26 | G231: =D231-E231 -> 0
A232: 15-6 | B232: 45821 | C232: v2 mini | D232: 26 | E232: 26 | G232: =D232-E232 -> 0
A233: 15-9 | B233: 45825 | C233: v2 mini | D233: 26 | E233: 26 | G233: =D233-E233 -> 0
A234: 15-7 | B234: 45836 | C234: v2 mini | D234: 26 | E234: 26 | G234: =D234-E234 -> 0
A235: 15-2 | B235: 45854 | C235: v2 mini | D235: 26 | E235: 26 | G235: =D235-E235 -> 0
A236: 15-10 | B236: 45993 | C236: v2 mini | D236: 27 | E236: 27 | G236: =D236-E236 -> 0
A237: 15-11 | B237: 46001 | C237: v2 mini | D237: 27 | E237: 27 | G237: =D237-E237 -> 0
A238: 15-12 | B238: 46005 | C238: v2 mini | D238: 27 | E238: 27 | G238: =D238-E238 -> 0
... A257: 17-34 | B257: 46063 | C257: v2 mini | D257: 25 | E257: 25 | G257: =D257-E257 -> 0
G258: =D258-E258 -> 0
G259: =D259-E259 -> 0
G260: =D260-E260 -> 0
G261: =D261-E261 -> 0
G262: =D262-E262 -> 0
G263: =D263-E263 -> 0
G264: =D264-E264 -> 0
G265: =D265-E265 -> 0
G266: =D266-E266 -> 0
G267: =D267-E267 -> 0
G268: =D268-E268 -> 0
G269: =D269-E269 -> 0
... G315: =D315-E315 -> 0

Sheet Leo Launches
A1: Group | B1: Launch Date | C1: Version | D1: Deployed | E1: Working | F1: Note | G1: Decayed Satellites
A2: Protoflight | B2: 45205 | C2: Leo | D2: 2 | E2: 0 | G2: =D2-E2 -> 2
A3: KA-01 | B3: 45775 | C3: Leo | D3: 27 | E3: 27 | G3: =D3-E3 -> 0 | I3: Total Launches | J3: =COUNTA(A:A) -> 11
A4: KA-02 | B4: 45831 | C4: Leo | D4: 27 | E4: 27 | G4: =D4-E4 -> 0 | I4: Total Deployed | J4: =SUM(D:D) -> 182
A5: KF-01 | B5: 45854 | C5: Leo | D5: 24 | E5: 24 | G5: =D5-E5 -> 0 | I5: Total Working | J5: =SUM(E:E) -> 180 | K5: =J4-J5 -> 2
A6: KF-02 | B6: 45880 | C6: Leo | D6: 24 | E6: 24 | G6: =D6-E6 -> 0 | I6: Mult Launch Dates | J6: {=COUNTA(B2:B314) - COUNTA(UNIQUE(B2:B314))} -> 0
A7: KA-03 | B7: 45925 | C7: Leo | D7: 27 | E7: 27 | G7: =D7-E7 -> 0
A8: KF-03 | B8: 45944 | C8: Leo | D8: 24 | E8: 24 | G8: =D8-E8 -> 0 | I8: Earliest Launch Date | J8: =B2 -> 45205
A9: LA-04 | B9: 46007 | C9: Leo | D9: 27 | E9: 27 | G9: =D9-E9 -> 0 | I9: Latest Launch Date | J9: =B9 -> 46007
A10: LE-01 | B10: 46065 | G10: =D10-E10 -> 0 | I10: Satellites Deployed / Day | J10: =J4/(J9-J8) -> 0.22693267
A11: LV-01 | B11: 46082 | G11: =D11-E11 -> 0 | I11: Days / Launch | J11: =(J9-J8)/J3 -> 72.909091
G12: =D12-E12 -> 0 | I12: Satellites / Launch | J12: =J4/J3 -> 16.545455
G13: =D13-E13 -> 0
G225: =D225-E225 -> 0
G226: =D226-E226 -> 0
G227: =D227-E227 -> 0
G228: =D228-E228 -> 0
G229: =D229-E229 -> 0
G230: =D230-E230 -> 0
G231: =D231-E231 -> 0
G232: =D232-E232 -> 0
G233: =D233-E233 -> 0
G234: =D234-E234 -> 0
G235: =D235-E235 -> 0
... G314: =D314-E314 -> 0

Sheet SATCAT_DECAY
A1: NORAD_CAT_ID | B1: DECAY_DATE
A2: 44235 | B2: 44105
A3: 44236 | B3: 44052
A4: 44237 | B4: 44076
A5: 44238 | B5: 44858
A6: 44239 | B6: 44075
A7: 44240 | B7: 44296
A8: 44241 | B8: 44100
A9: 44242 | B9: 44064
A10: 44243 | B10: 44117
A11: 44244 | B11: 44117
A12: 44245 | B12: 44096
A13: 44246 | B13: 43881
... A62: 44713 | B62: 45567
A63: 44714
A64: 44715 | B64: 45709
A65: 44716 | B65: 45976
A66: 44717 | B66: 45997
A67: 44718
A68: 44719 | B68: 45901
A69: 44720 | B69: 45853
A70: 44721 | B70: 45934
A71: 44722 | B71: 44966
A72: 44723
A73: 44724
A74: 44725
A75: 44726 | B75: 45941
A76: 44727 | B76: 45136
A77: 44728 | B77: 44550
A78: 44729 | B78: 45379
A79: 44730 | B79: 44424
A80: 44731 | B80: 45191
A81: 44732 | B81: 45774
A82: 44733 | B82: 45702
A83: 44734 | B83: 45948
A84: 44735 | B84: 45919
A85: 44736
A86: 44737 | B86: 45742
A87: 44738 | B87: 45207
A88: 44739 | B88: 45180
A89: 44740 | B89: 45759
A90: 44741
A91: 44742 | B91: 45058
A92: 44743 | B92: 45695
A93: 44744
A94: 44745 | B94: 44077
A95: 44746 | B95: 45542
A96: 44747
A97: 44748
A98: 44749 | B98: 44484
A99: 44750 | B99: 44309
A100: 44751
A101: 44752
A102: 44753
A103: 44754 | B103: 45226
A104: 44755 | B104: 44647
A105: 44756 | B105: 44550
A106: 44757 | B106: 45732
A107: 44758
A108: 44759 | B108: 45981
A109: 44760 | B109: 45669
A110: 44761 | B110: 45969
A111: 44762 | B111: 45934
A112: 44763 | B112: 45751
A113: 44764 | B113: 45634
A114: 44765
A115: 44766 | B115: 45694
A116: 44767 | B116: 45745
A117: 44768
A118: 44769 | B118: 44603
A119: 44770 | B119: 45036
A120: 44771
A121: 44772
A122: 44914 | B122: 45769
A123: 44915 | B123: 45702
A124: 44916 | B124: 44543
A125: 44917 | B125: 45913
A126: 44918 | B126: 45521
A127: 44919 | B127: 44523
A128: 44920 | B128: 45732
A129: 44921 | B129: 45777
A130: 44922 | B130: 45912
A131: 44923 | B131: 45781
A132: 44924 | B132: 45500
A133: 44925
A134: 44926 | B134: 45556
A135: 44927
A136: 44928 | B136: 45427
A137: 44929 | B137: 45358
A138: 44930
A139: 44931 | B139: 45513
A140: 44932 | B140: 45858
A141: 44933
A142: 44934 | B142: 45916
A143: 44935 | B143: 44523
A144: 44936 | B144: 44487
A145: 44937 | B145: 45880
A146: 44938 | B146: 45525
A147: 44939 | B147: 45531
A148: 44940 | B148: 45970
...
